{
  "random_forest": {
    "accuracy": 0.49238578680203043,
    "cv_mean": 0.5025722684958354,
    "cv_std": 0.04350838773503643
  },
  "gradient_boosting": {
    "accuracy": 0.5279187817258884,
    "cv_mean": 0.5204311611954924,
    "cv_std": 0.016117687598478543
  },
  "xgboost": {
    "accuracy": 0.5380710659898477,
    "cv_mean": 0.5166340029397354,
    "cv_std": 0.027461187044058342
  },
  "lightgbm": {
    "accuracy": 0.48223350253807107,
    "cv_mean": 0.5166585007349338,
    "cv_std": 0.04054988253923697
  },
  "logistic_regression": {
    "accuracy": 0.5583756345177665,
    "cv_mean": 0.5101910828025478,
    "cv_std": 0.015126550429347662
  },
  "svm": {
    "accuracy": 0.48223350253807107,
    "cv_mean": 0.510223746529479,
    "cv_std": 0.02060459895498906
  }
}