{
  "random_forest": {
    "accuracy": 0.4444444444444444,
    "cv_mean": 0.5422562979189485,
    "cv_std": 0.015394837753032917
  },
  "gradient_boosting": {
    "accuracy": 0.4975845410628019,
    "cv_mean": 0.5435049288061335,
    "cv_std": 0.04460994434731245
  },
  "xgboost": {
    "accuracy": 0.48792270531400966,
    "cv_mean": 0.5459072654253377,
    "cv_std": 0.019704696119185225
  },
  "lightgbm": {
    "accuracy": 0.5072463768115942,
    "cv_mean": 0.5265206279664111,
    "cv_std": 0.020802540057816257
  },
  "logistic_regression": {
    "accuracy": 0.4927536231884058,
    "cv_mean": 0.5229791894852136,
    "cv_std": 0.02119924905994282
  },
  "svm": {
    "accuracy": 0.463768115942029,
    "cv_mean": 0.5192844103687477,
    "cv_std": 0.029652099907767335
  }
}