{
  "random_forest": {
    "accuracy": 0.5133689839572193,
    "cv_mean": 0.5160089485458614,
    "cv_std": 0.019927537654032674
  },
  "gradient_boosting": {
    "accuracy": 0.5401069518716578,
    "cv_mean": 0.5013691275167785,
    "cv_std": 0.029424644913584236
  },
  "xgboost": {
    "accuracy": 0.5347593582887701,
    "cv_mean": 0.5307382550335571,
    "cv_std": 0.02149240649573272
  },
  "lightgbm": {
    "accuracy": 0.5080213903743316,
    "cv_mean": 0.5294496644295302,
    "cv_std": 0.02214627523804188
  },
  "logistic_regression": {
    "accuracy": 0.4919786096256685,
    "cv_mean": 0.5000268456375838,
    "cv_std": 0.03101740262656984
  },
  "svm": {
    "accuracy": 0.45989304812834225,
    "cv_mean": 0.5067293064876958,
    "cv_std": 0.0476806503670047
  }
}