{
  "random_forest": {
    "accuracy": 0.49214659685863876,
    "cv_mean": 0.5342105263157894,
    "cv_std": 0.01784823679769806
  },
  "gradient_boosting": {
    "accuracy": 0.46596858638743455,
    "cv_mean": 0.506578947368421,
    "cv_std": 0.02461616701824963
  },
  "xgboost": {
    "accuracy": 0.5392670157068062,
    "cv_mean": 0.5355263157894737,
    "cv_std": 0.03185189062344791
  },
  "lightgbm": {
    "accuracy": 0.4973821989528796,
    "cv_mean": 0.5263157894736842,
    "cv_std": 0.023537557657892526
  },
  "logistic_regression": {
    "accuracy": 0.4816753926701571,
    "cv_mean": 0.5302631578947368,
    "cv_std": 0.025851161453142774
  },
  "svm": {
    "accuracy": 0.4397905759162304,
    "cv_mean": 0.5447368421052632,
    "cv_std": 0.028035889148240168
  }
}