{
  "random_forest": {
    "accuracy": 0.5026178010471204,
    "cv_mean": 0.5013157894736843,
    "cv_std": 0.043520619496161116
  },
  "gradient_boosting": {
    "accuracy": 0.5497382198952879,
    "cv_mean": 0.5039473684210527,
    "cv_std": 0.0202135414417595
  },
  "xgboost": {
    "accuracy": 0.47643979057591623,
    "cv_mean": 0.5236842105263158,
    "cv_std": 0.04046988552428868
  },
  "lightgbm": {
    "accuracy": 0.5130890052356021,
    "cv_mean": 0.5013157894736843,
    "cv_std": 0.020970233487512147
  },
  "logistic_regression": {
    "accuracy": 0.5235602094240838,
    "cv_mean": 0.5381578947368422,
    "cv_std": 0.03799876073208854
  },
  "svm": {
    "accuracy": 0.5078534031413613,
    "cv_mean": 0.5263157894736843,
    "cv_std": 0.028220540249377944
  }
}