{
  "random_forest": {
    "accuracy": 0.4756756756756757,
    "cv_mean": 0.5317337745909174,
    "cv_std": 0.05456223363087113
  },
  "gradient_boosting": {
    "accuracy": 0.43783783783783786,
    "cv_mean": 0.520913770913771,
    "cv_std": 0.02590839400154106
  },
  "xgboost": {
    "accuracy": 0.4486486486486487,
    "cv_mean": 0.5276889134031991,
    "cv_std": 0.04319194265029135
  },
  "lightgbm": {
    "accuracy": 0.4918918918918919,
    "cv_mean": 0.5263375620518478,
    "cv_std": 0.04713391543373889
  },
  "logistic_regression": {
    "accuracy": 0.5297297297297298,
    "cv_mean": 0.5372035300606729,
    "cv_std": 0.028336443468935386
  },
  "svm": {
    "accuracy": 0.5351351351351351,
    "cv_mean": 0.5318073175216033,
    "cv_std": 0.019550505815962647
  }
}