{
  "random_forest": {
    "accuracy": 0.4731182795698925,
    "cv_mean": 0.5087066932704516,
    "cv_std": 0.028951028004641235
  },
  "gradient_boosting": {
    "accuracy": 0.46236559139784944,
    "cv_mean": 0.5235080718302195,
    "cv_std": 0.01572808605276785
  },
  "xgboost": {
    "accuracy": 0.43548387096774194,
    "cv_mean": 0.5046979865771812,
    "cv_std": 0.03084749475910191
  },
  "lightgbm": {
    "accuracy": 0.489247311827957,
    "cv_mean": 0.504707056049338,
    "cv_std": 0.03370673201060712
  },
  "logistic_regression": {
    "accuracy": 0.46774193548387094,
    "cv_mean": 0.5086704153818248,
    "cv_std": 0.03354270924843967
  },
  "svm": {
    "accuracy": 0.5161290322580645,
    "cv_mean": 0.5087520406312352,
    "cv_std": 0.010096159868793558
  }
}