{
  "random_forest": {
    "accuracy": 0.47643979057591623,
    "cv_mean": 0.4776315789473684,
    "cv_std": 0.030745582751441923
  },
  "gradient_boosting": {
    "accuracy": 0.5602094240837696,
    "cv_mean": 0.5026315789473684,
    "cv_std": 0.05273017081451021
  },
  "xgboost": {
    "accuracy": 0.4869109947643979,
    "cv_mean": 0.4750000000000001,
    "cv_std": 0.0478773826280533
  },
  "lightgbm": {
    "accuracy": 0.4712041884816754,
    "cv_mean": 0.49736842105263157,
    "cv_std": 0.02900711537506397
  },
  "logistic_regression": {
    "accuracy": 0.47643979057591623,
    "cv_mean": 0.5171052631578947,
    "cv_std": 0.03496139540943797
  },
  "svm": {
    "accuracy": 0.45549738219895286,
    "cv_mean": 0.525,
    "cv_std": 0.014652011481131643
  }
}