{
  "random_forest": {
    "accuracy": 0.49214659685863876,
    "cv_mean": 0.5026315789473684,
    "cv_std": 0.016952761482533055
  },
  "gradient_boosting": {
    "accuracy": 0.44502617801047123,
    "cv_mean": 0.5052631578947369,
    "cv_std": 0.039779516994292045
  },
  "xgboost": {
    "accuracy": 0.5235602094240838,
    "cv_mean": 0.531578947368421,
    "cv_std": 0.0233158488771965
  },
  "lightgbm": {
    "accuracy": 0.4973821989528796,
    "cv_mean": 0.5210526315789473,
    "cv_std": 0.03286841051788629
  },
  "logistic_regression": {
    "accuracy": 0.5445026178010471,
    "cv_mean": 0.5421052631578948,
    "cv_std": 0.03344280270299694
  },
  "svm": {
    "accuracy": 0.5026178010471204,
    "cv_mean": 0.5421052631578948,
    "cv_std": 0.01978065312943803
  }
}