{
  "random_forest": {
    "accuracy": 0.5079365079365079,
    "cv_mean": 0.5013774834437086,
    "cv_std": 0.030386496207881353
  },
  "gradient_boosting": {
    "accuracy": 0.4973544973544973,
    "cv_mean": 0.48938631346578376,
    "cv_std": 0.01627868154698374
  },
  "xgboost": {
    "accuracy": 0.5185185185185185,
    "cv_mean": 0.5278675496688742,
    "cv_std": 0.014186809314575803
  },
  "lightgbm": {
    "accuracy": 0.5079365079365079,
    "cv_mean": 0.5172273730684327,
    "cv_std": 0.016800504101024058
  },
  "logistic_regression": {
    "accuracy": 0.5238095238095238,
    "cv_mean": 0.5211832229580573,
    "cv_std": 0.020273130726214412
  },
  "svm": {
    "accuracy": 0.5132275132275133,
    "cv_mean": 0.4960353200883002,
    "cv_std": 0.010353757215927581
  }
}