{
  "random_forest": {
    "accuracy": 0.5157894736842106,
    "cv_mean": 0.5178285116765424,
    "cv_std": 0.011939115025052167
  },
  "gradient_boosting": {
    "accuracy": 0.4789473684210526,
    "cv_mean": 0.48740850470547226,
    "cv_std": 0.027361033713279668
  },
  "xgboost": {
    "accuracy": 0.5210526315789473,
    "cv_mean": 0.5178110840013942,
    "cv_std": 0.01455869220741065
  },
  "lightgbm": {
    "accuracy": 0.5473684210526316,
    "cv_mean": 0.5151707912164517,
    "cv_std": 0.048018387661476175
  },
  "logistic_regression": {
    "accuracy": 0.5105263157894737,
    "cv_mean": 0.5430027884280237,
    "cv_std": 0.02419837557996885
  },
  "svm": {
    "accuracy": 0.5210526315789473,
    "cv_mean": 0.5349947716974556,
    "cv_std": 0.016273436369937003
  }
}