{
  "random_forest": {
    "accuracy": 0.5,
    "cv_mean": 0.5018683112642843,
    "cv_std": 0.04784676860992742
  },
  "gradient_boosting": {
    "accuracy": 0.489247311827957,
    "cv_mean": 0.5140486123707599,
    "cv_std": 0.028158810920793052
  },
  "xgboost": {
    "accuracy": 0.4838709677419355,
    "cv_mean": 0.5166968982405223,
    "cv_std": 0.048256686679782564
  },
  "lightgbm": {
    "accuracy": 0.4731182795698925,
    "cv_mean": 0.5180210411754036,
    "cv_std": 0.0461603845039789
  },
  "logistic_regression": {
    "accuracy": 0.5,
    "cv_mean": 0.5087520406312354,
    "cv_std": 0.01577978692326234
  },
  "svm": {
    "accuracy": 0.478494623655914,
    "cv_mean": 0.5114456738617813,
    "cv_std": 0.008669703835460792
  }
}