{
  "random_forest": {
    "accuracy": 0.55,
    "cv_mean": 0.5188246753246754,
    "cv_std": 0.03732267570491604
  },
  "gradient_boosting": {
    "accuracy": 0.5409090909090909,
    "cv_mean": 0.49942857142857144,
    "cv_std": 0.028472220025952913
  },
  "xgboost": {
    "accuracy": 0.5272727272727272,
    "cv_mean": 0.49605194805194797,
    "cv_std": 0.029739994611192744
  },
  "lightgbm": {
    "accuracy": 0.5409090909090909,
    "cv_mean": 0.5085779220779221,
    "cv_std": 0.04385293543228319
  },
  "logistic_regression": {
    "accuracy": 0.5181818181818182,
    "cv_mean": 0.48576623376623385,
    "cv_std": 0.025717283047139713
  },
  "svm": {
    "accuracy": 0.5318181818181819,
    "cv_mean": 0.5256363636363636,
    "cv_std": 0.025438891621863077
  }
}