{
  "random_forest": {
    "accuracy": 0.4816753926701571,
    "cv_mean": 0.5486842105263159,
    "cv_std": 0.042555162181042695
  },
  "gradient_boosting": {
    "accuracy": 0.4973821989528796,
    "cv_mean": 0.5407894736842105,
    "cv_std": 0.041274703003573984
  },
  "xgboost": {
    "accuracy": 0.4869109947643979,
    "cv_mean": 0.5381578947368421,
    "cv_std": 0.05557555811037598
  },
  "lightgbm": {
    "accuracy": 0.4712041884816754,
    "cv_mean": 0.5381578947368422,
    "cv_std": 0.02953940042189954
  },
  "logistic_regression": {
    "accuracy": 0.4973821989528796,
    "cv_mean": 0.5197368421052632,
    "cv_std": 0.047258644726494665
  },
  "svm": {
    "accuracy": 0.46596858638743455,
    "cv_mean": 0.5144736842105264,
    "cv_std": 0.03415988154143994
  }
}