{
  "random_forest": {
    "accuracy": 0.5392670157068062,
    "cv_mean": 0.5289473684210526,
    "cv_std": 0.029597952313689474
  },
  "gradient_boosting": {
    "accuracy": 0.5235602094240838,
    "cv_mean": 0.5157894736842106,
    "cv_std": 0.030462728691553243
  },
  "xgboost": {
    "accuracy": 0.5602094240837696,
    "cv_mean": 0.5144736842105264,
    "cv_std": 0.023315848877196527
  },
  "lightgbm": {
    "accuracy": 0.5497382198952879,
    "cv_mean": 0.5289473684210526,
    "cv_std": 0.01147078669352808
  },
  "logistic_regression": {
    "accuracy": 0.5078534031413613,
    "cv_mean": 0.5157894736842106,
    "cv_std": 0.023757197480615524
  },
  "svm": {
    "accuracy": 0.5287958115183246,
    "cv_mean": 0.4934210526315789,
    "cv_std": 0.0058843894144731245
  }
}