{
  "random_forest": {
    "accuracy": 0.5242424242424243,
    "cv_mean": 0.4924242424242424,
    "cv_std": 0.021021874129563044
  },
  "gradient_boosting": {
    "accuracy": 0.5333333333333333,
    "cv_mean": 0.4954545454545455,
    "cv_std": 0.04159084009488121
  },
  "xgboost": {
    "accuracy": 0.49696969696969695,
    "cv_mean": 0.5121212121212121,
    "cv_std": 0.03024615875405623
  },
  "lightgbm": {
    "accuracy": 0.5060606060606061,
    "cv_mean": 0.5022727272727272,
    "cv_std": 0.02096720076226977
  },
  "logistic_regression": {
    "accuracy": 0.5151515151515151,
    "cv_mean": 0.5280303030303031,
    "cv_std": 0.047042953625030366
  },
  "svm": {
    "accuracy": 0.5151515151515151,
    "cv_mean": 0.4992424242424242,
    "cv_std": 0.01700753357624517
  }
}