{
  "random_forest": {
    "accuracy": 0.49047619047619045,
    "cv_mean": 0.5649771884801824,
    "cv_std": 0.015888640235334345
  },
  "gradient_boosting": {
    "accuracy": 0.49047619047619045,
    "cv_mean": 0.5458796692329627,
    "cv_std": 0.014012212940564012
  },
  "xgboost": {
    "accuracy": 0.5047619047619047,
    "cv_mean": 0.5375463358996293,
    "cv_std": 0.02302529615676737
  },
  "lightgbm": {
    "accuracy": 0.49523809523809526,
    "cv_mean": 0.561377245508982,
    "cv_std": 0.026581439442462544
  },
  "logistic_regression": {
    "accuracy": 0.4857142857142857,
    "cv_mean": 0.5303963501568292,
    "cv_std": 0.021987939745856208
  },
  "svm": {
    "accuracy": 0.5047619047619047,
    "cv_mean": 0.504213002566296,
    "cv_std": 0.021171190554068808
  }
}