{
  "random_forest": {
    "accuracy": 0.5128205128205128,
    "cv_mean": 0.5146815550041357,
    "cv_std": 0.04010897591063972
  },
  "gradient_boosting": {
    "accuracy": 0.4564102564102564,
    "cv_mean": 0.5211166253101738,
    "cv_std": 0.03382934430135676
  },
  "xgboost": {
    "accuracy": 0.5076923076923077,
    "cv_mean": 0.5198593879239041,
    "cv_std": 0.023163851087544953
  },
  "lightgbm": {
    "accuracy": 0.5025641025641026,
    "cv_mean": 0.5198511166253103,
    "cv_std": 0.033965994770816986
  },
  "logistic_regression": {
    "accuracy": 0.5076923076923077,
    "cv_mean": 0.5481306865177833,
    "cv_std": 0.005674098778101777
  },
  "svm": {
    "accuracy": 0.47692307692307695,
    "cv_mean": 0.5391563275434244,
    "cv_std": 0.010027475099036183
  }
}