{
  "random_forest": {
    "accuracy": 0.472636815920398,
    "cv_mean": 0.48940217391304347,
    "cv_std": 0.046439281363049235
  },
  "gradient_boosting": {
    "accuracy": 0.4626865671641791,
    "cv_mean": 0.5080124223602484,
    "cv_std": 0.030813520380997186
  },
  "xgboost": {
    "accuracy": 0.4975124378109453,
    "cv_mean": 0.5017934782608695,
    "cv_std": 0.042340825518341396
  },
  "lightgbm": {
    "accuracy": 0.472636815920398,
    "cv_mean": 0.5005822981366459,
    "cv_std": 0.015681000395012176
  },
  "logistic_regression": {
    "accuracy": 0.4925373134328358,
    "cv_mean": 0.5118555900621118,
    "cv_std": 0.039075876389173404
  },
  "svm": {
    "accuracy": 0.4626865671641791,
    "cv_mean": 0.508082298136646,
    "cv_std": 0.017861098670673786
  }
}