{
  "random_forest": {
    "accuracy": 0.5078534031413613,
    "cv_mean": 0.4881578947368421,
    "cv_std": 0.04127470300357401
  },
  "gradient_boosting": {
    "accuracy": 0.4816753926701571,
    "cv_mean": 0.506578947368421,
    "cv_std": 0.054091591555511735
  },
  "xgboost": {
    "accuracy": 0.5340314136125655,
    "cv_mean": 0.5118421052631579,
    "cv_std": 0.02544615737607068
  },
  "lightgbm": {
    "accuracy": 0.4712041884816754,
    "cv_mean": 0.5078947368421053,
    "cv_std": 0.028035889148240168
  },
  "logistic_regression": {
    "accuracy": 0.4869109947643979,
    "cv_mean": 0.475,
    "cv_std": 0.05203610508759261
  },
  "svm": {
    "accuracy": 0.44502617801047123,
    "cv_mean": 0.4552631578947369,
    "cv_std": 0.049652532273982114
  }
}