{
  "random_forest": {
    "accuracy": 0.5026178010471204,
    "cv_mean": 0.49078947368421055,
    "cv_std": 0.032657035910502265
  },
  "gradient_boosting": {
    "accuracy": 0.47643979057591623,
    "cv_mean": 0.48684210526315785,
    "cv_std": 0.037907527081284025
  },
  "xgboost": {
    "accuracy": 0.4973821989528796,
    "cv_mean": 0.4881578947368421,
    "cv_std": 0.03845168209526963
  },
  "lightgbm": {
    "accuracy": 0.4816753926701571,
    "cv_mean": 0.468421052631579,
    "cv_std": 0.03233738349327502
  },
  "logistic_regression": {
    "accuracy": 0.5026178010471204,
    "cv_mean": 0.506578947368421,
    "cv_std": 0.019954935379083036
  },
  "svm": {
    "accuracy": 0.418848167539267,
    "cv_mean": 0.5355263157894736,
    "cv_std": 0.02959795231368944
  }
}