{
  "random_forest": {
    "accuracy": 0.5287958115183246,
    "cv_mean": 0.5321981424148607,
    "cv_std": 0.048899260230442644
  },
  "gradient_boosting": {
    "accuracy": 0.5026178010471204,
    "cv_mean": 0.5046009631922945,
    "cv_std": 0.03011998681480866
  },
  "xgboost": {
    "accuracy": 0.5392670157068062,
    "cv_mean": 0.5282507739938079,
    "cv_std": 0.01735369375002736
  },
  "lightgbm": {
    "accuracy": 0.5497382198952879,
    "cv_mean": 0.5506019951840386,
    "cv_std": 0.026299897285772367
  },
  "logistic_regression": {
    "accuracy": 0.45549738219895286,
    "cv_mean": 0.5242518059855521,
    "cv_std": 0.043923570854329456
  },
  "svm": {
    "accuracy": 0.4607329842931937,
    "cv_mean": 0.5006363949088407,
    "cv_std": 0.012524830677012157
  }
}