{
  "random_forest": {
    "accuracy": 0.4607329842931937,
    "cv_mean": 0.4828947368421053,
    "cv_std": 0.04550425385734367
  },
  "gradient_boosting": {
    "accuracy": 0.4607329842931937,
    "cv_mean": 0.4776315789473684,
    "cv_std": 0.02375719748061551
  },
  "xgboost": {
    "accuracy": 0.5078534031413613,
    "cv_mean": 0.5013157894736842,
    "cv_std": 0.02677235519654711
  },
  "lightgbm": {
    "accuracy": 0.47643979057591623,
    "cv_mean": 0.513157894736842,
    "cv_std": 0.03196041526708189
  },
  "logistic_regression": {
    "accuracy": 0.5026178010471204,
    "cv_mean": 0.5460526315789473,
    "cv_std": 0.02852563603773528
  },
  "svm": {
    "accuracy": 0.5026178010471204,
    "cv_mean": 0.5302631578947368,
    "cv_std": 0.02840399098016172
  }
}