{
  "random_forest": {
    "accuracy": 0.5,
    "cv_mean": 0.5136105430583958,
    "cv_std": 0.033251835618974504
  },
  "gradient_boosting": {
    "accuracy": 0.5049019607843137,
    "cv_mean": 0.48766189502385815,
    "cv_std": 0.02689358204222852
  },
  "xgboost": {
    "accuracy": 0.5098039215686274,
    "cv_mean": 0.5222297962584261,
    "cv_std": 0.03363257577698654
  },
  "lightgbm": {
    "accuracy": 0.4950980392156863,
    "cv_mean": 0.5185109444823146,
    "cv_std": 0.02981551266727438
  },
  "logistic_regression": {
    "accuracy": 0.5,
    "cv_mean": 0.48522305536620464,
    "cv_std": 0.014787564267379975
  },
  "svm": {
    "accuracy": 0.5392156862745098,
    "cv_mean": 0.4852306294024086,
    "cv_std": 0.027455771545955063
  }
}