{
  "random_forest": {
    "accuracy": 0.4842105263157895,
    "cv_mean": 0.5065963750435691,
    "cv_std": 0.02885493074571884
  },
  "gradient_boosting": {
    "accuracy": 0.5105263157894737,
    "cv_mean": 0.5303851516207738,
    "cv_std": 0.024002717577374086
  },
  "xgboost": {
    "accuracy": 0.4842105263157895,
    "cv_mean": 0.5145259672359708,
    "cv_std": 0.03549281573274637
  },
  "lightgbm": {
    "accuracy": 0.5210526315789473,
    "cv_mean": 0.5118769606134542,
    "cv_std": 0.032388146842945185
  },
  "logistic_regression": {
    "accuracy": 0.48947368421052634,
    "cv_mean": 0.49611362844196594,
    "cv_std": 0.03161745328884652
  },
  "svm": {
    "accuracy": 0.5736842105263158,
    "cv_mean": 0.5145433949111189,
    "cv_std": 0.010160215038274007
  }
}