{
  "random_forest": {
    "accuracy": 0.4973821989528796,
    "cv_mean": 0.4881578947368421,
    "cv_std": 0.03845168209526963
  },
  "gradient_boosting": {
    "accuracy": 0.5130890052356021,
    "cv_mean": 0.48157894736842105,
    "cv_std": 0.010526315789473682
  },
  "xgboost": {
    "accuracy": 0.5235602094240838,
    "cv_mean": 0.46842105263157896,
    "cv_std": 0.05447431985390644
  },
  "lightgbm": {
    "accuracy": 0.49214659685863876,
    "cv_mean": 0.46842105263157896,
    "cv_std": 0.02578410255561241
  },
  "logistic_regression": {
    "accuracy": 0.5078534031413613,
    "cv_mean": 0.48026315789473684,
    "cv_std": 0.044230885036767406
  },
  "svm": {
    "accuracy": 0.450261780104712,
    "cv_mean": 0.5039473684210527,
    "cv_std": 0.01220212959933646
  }
}