{
  "random_forest": {
    "accuracy": 0.4397905759162304,
    "cv_mean": 0.5394736842105263,
    "cv_std": 0.016115064097257745
  },
  "gradient_boosting": {
    "accuracy": 0.5392670157068062,
    "cv_mean": 0.5105263157894736,
    "cv_std": 0.03130362435097455
  },
  "xgboost": {
    "accuracy": 0.49214659685863876,
    "cv_mean": 0.5421052631578946,
    "cv_std": 0.02651242326264458
  },
  "lightgbm": {
    "accuracy": 0.4816753926701571,
    "cv_mean": 0.5342105263157896,
    "cv_std": 0.050687790221732164
  },
  "logistic_regression": {
    "accuracy": 0.5235602094240838,
    "cv_mean": 0.4881578947368421,
    "cv_std": 0.03730907073357323
  },
  "svm": {
    "accuracy": 0.47643979057591623,
    "cv_mean": 0.5039473684210526,
    "cv_std": 0.021052631578947375
  }
}