{
  "random_forest": {
    "accuracy": 0.44565217391304346,
    "cv_mean": 0.4959370049389619,
    "cv_std": 0.038152457392392355
  },
  "gradient_boosting": {
    "accuracy": 0.5,
    "cv_mean": 0.5136054421768708,
    "cv_std": 0.01948002865751887
  },
  "xgboost": {
    "accuracy": 0.47282608695652173,
    "cv_mean": 0.5027583636194204,
    "cv_std": 0.03804635600009076
  },
  "lightgbm": {
    "accuracy": 0.47282608695652173,
    "cv_mean": 0.49587177336688104,
    "cv_std": 0.02326934526049988
  },
  "logistic_regression": {
    "accuracy": 0.5271739130434783,
    "cv_mean": 0.4741030658838878,
    "cv_std": 0.04322626164074267
  },
  "svm": {
    "accuracy": 0.4782608695652174,
    "cv_mean": 0.5190662566396422,
    "cv_std": 0.004056877667543355
  }
}