{
  "random_forest": {
    "accuracy": 0.49740932642487046,
    "cv_mean": 0.501893590280687,
    "cv_std": 0.02216967315328408
  },
  "gradient_boosting": {
    "accuracy": 0.5181347150259067,
    "cv_mean": 0.5135735232509426,
    "cv_std": 0.050019332778185405
  },
  "xgboost": {
    "accuracy": 0.49740932642487046,
    "cv_mean": 0.5109844993715962,
    "cv_std": 0.020410450558749852
  },
  "lightgbm": {
    "accuracy": 0.48186528497409326,
    "cv_mean": 0.5006200251361542,
    "cv_std": 0.03928940194362818
  },
  "logistic_regression": {
    "accuracy": 0.533678756476684,
    "cv_mean": 0.4941097612065354,
    "cv_std": 0.024597761509417445
  },
  "svm": {
    "accuracy": 0.538860103626943,
    "cv_mean": 0.5162044407205698,
    "cv_std": 0.005775386600664263
  }
}