{
  "random_forest": {
    "accuracy": 0.49416342412451364,
    "cv_mean": 0.5244332855093257,
    "cv_std": 0.016230712915228554
  },
  "gradient_boosting": {
    "accuracy": 0.5447470817120622,
    "cv_mean": 0.5126972740315638,
    "cv_std": 0.010281449821322786
  },
  "xgboost": {
    "accuracy": 0.5603112840466926,
    "cv_mean": 0.5087996174079388,
    "cv_std": 0.02552357924282896
  },
  "lightgbm": {
    "accuracy": 0.5369649805447471,
    "cv_mean": 0.5185509325681492,
    "cv_std": 0.027747192501666264
  },
  "logistic_regression": {
    "accuracy": 0.48638132295719844,
    "cv_mean": 0.5146150167384027,
    "cv_std": 0.021181610937173436
  },
  "svm": {
    "accuracy": 0.45525291828793774,
    "cv_mean": 0.49416547106647535,
    "cv_std": 0.03571346269535489
  }
}