{
  "random_forest": {
    "accuracy": 0.4973821989528796,
    "cv_mean": 0.5026315789473684,
    "cv_std": 0.056838450174882045
  },
  "gradient_boosting": {
    "accuracy": 0.5340314136125655,
    "cv_mean": 0.5184210526315789,
    "cv_std": 0.024756431213456307
  },
  "xgboost": {
    "accuracy": 0.5287958115183246,
    "cv_mean": 0.5105263157894736,
    "cv_std": 0.0378160733242103
  },
  "lightgbm": {
    "accuracy": 0.5340314136125655,
    "cv_mean": 0.5223684210526315,
    "cv_std": 0.07391879950099021
  },
  "logistic_regression": {
    "accuracy": 0.5235602094240838,
    "cv_mean": 0.5118421052631579,
    "cv_std": 0.017848236797698105
  },
  "svm": {
    "accuracy": 0.5078534031413613,
    "cv_mean": 0.5236842105263159,
    "cv_std": 0.011470786693528114
  }
}