{
  "random_forest": {
    "accuracy": 0.5445026178010471,
    "cv_mean": 0.49078947368421055,
    "cv_std": 0.02809757434745082
  },
  "gradient_boosting": {
    "accuracy": 0.518324607329843,
    "cv_mean": 0.475,
    "cv_std": 0.012059409723567999
  },
  "xgboost": {
    "accuracy": 0.5078534031413613,
    "cv_mean": 0.47105263157894733,
    "cv_std": 0.02551410451271751
  },
  "lightgbm": {
    "accuracy": 0.5235602094240838,
    "cv_mean": 0.4842105263157895,
    "cv_std": 0.01589874470209811
  },
  "logistic_regression": {
    "accuracy": 0.47643979057591623,
    "cv_mean": 0.5276315789473685,
    "cv_std": 0.01784823679769809
  },
  "svm": {
    "accuracy": 0.4973821989528796,
    "cv_mean": 0.49736842105263157,
    "cv_std": 0.04531361936242781
  }
}