{
  "random_forest": {
    "accuracy": 0.5306122448979592,
    "cv_mean": 0.5165768414176057,
    "cv_std": 0.03287324604146796
  },
  "gradient_boosting": {
    "accuracy": 0.5255102040816326,
    "cv_mean": 0.4923321901028907,
    "cv_std": 0.03701612801238786
  },
  "xgboost": {
    "accuracy": 0.4897959183673469,
    "cv_mean": 0.5178425608361914,
    "cv_std": 0.023277088311852122
  },
  "lightgbm": {
    "accuracy": 0.5306122448979592,
    "cv_mean": 0.5153111219990201,
    "cv_std": 0.016905608795765005
  },
  "logistic_regression": {
    "accuracy": 0.5357142857142857,
    "cv_mean": 0.5343785725951331,
    "cv_std": 0.024732718656925393
  },
  "svm": {
    "accuracy": 0.4846938775510204,
    "cv_mean": 0.5101665850073493,
    "cv_std": 0.015439053969706238
  }
}