{
  "random_forest": {
    "accuracy": 0.5601503759398496,
    "cv_mean": 0.5042829302861191,
    "cv_std": 0.022958767742816685
  },
  "gradient_boosting": {
    "accuracy": 0.5413533834586466,
    "cv_mean": 0.5325360970856586,
    "cv_std": 0.024446834646743656
  },
  "xgboost": {
    "accuracy": 0.5263157894736842,
    "cv_mean": 0.4816679953937461,
    "cv_std": 0.03477541450419146
  },
  "lightgbm": {
    "accuracy": 0.5375939849624061,
    "cv_mean": 0.48450261316325627,
    "cv_std": 0.04759378562042667
  },
  "logistic_regression": {
    "accuracy": 0.5225563909774437,
    "cv_mean": 0.5315661263176543,
    "cv_std": 0.021785877880339272
  },
  "svm": {
    "accuracy": 0.5075187969924813,
    "cv_mean": 0.5023739923819648,
    "cv_std": 0.023947101930055097
  }
}