{
  "random_forest": {
    "accuracy": 0.5178571428571429,
    "cv_mean": 0.5374301675977653,
    "cv_std": 0.03575418994413409
  },
  "gradient_boosting": {
    "accuracy": 0.5133928571428571,
    "cv_mean": 0.5385474860335195,
    "cv_std": 0.019545090150319442
  },
  "xgboost": {
    "accuracy": 0.48660714285714285,
    "cv_mean": 0.5441340782122904,
    "cv_std": 0.029687888839299275
  },
  "lightgbm": {
    "accuracy": 0.5223214285714286,
    "cv_mean": 0.5340782122905028,
    "cv_std": 0.03472686093389956
  },
  "logistic_regression": {
    "accuracy": 0.5089285714285714,
    "cv_mean": 0.5139664804469273,
    "cv_std": 0.02547878044914275
  },
  "svm": {
    "accuracy": 0.53125,
    "cv_mean": 0.5083798882681565,
    "cv_std": 0.022346368715083786
  }
}