{
  "random_forest": {
    "accuracy": 0.5120772946859904,
    "cv_mean": 0.5218035779481562,
    "cv_std": 0.027016206331920867
  },
  "gradient_boosting": {
    "accuracy": 0.48792270531400966,
    "cv_mean": 0.5108798831690399,
    "cv_std": 0.02601099508816307
  },
  "xgboost": {
    "accuracy": 0.463768115942029,
    "cv_mean": 0.5387002555677255,
    "cv_std": 0.03881729531106329
  },
  "lightgbm": {
    "accuracy": 0.5120772946859904,
    "cv_mean": 0.528995983935743,
    "cv_std": 0.006825587012593739
  },
  "logistic_regression": {
    "accuracy": 0.48792270531400966,
    "cv_mean": 0.5314640379700621,
    "cv_std": 0.03336626694576434
  },
  "svm": {
    "accuracy": 0.5169082125603864,
    "cv_mean": 0.5229572836801752,
    "cv_std": 0.005636478996107385
  }
}