{
  "random_forest": {
    "accuracy": 0.5803108808290155,
    "cv_mean": 0.5045161290322581,
    "cv_std": 0.03669537413871599
  },
  "gradient_boosting": {
    "accuracy": 0.49740932642487046,
    "cv_mean": 0.4811227482195225,
    "cv_std": 0.04143700584376053
  },
  "xgboost": {
    "accuracy": 0.538860103626943,
    "cv_mean": 0.5006116464180981,
    "cv_std": 0.05274911504811471
  },
  "lightgbm": {
    "accuracy": 0.5077720207253886,
    "cv_mean": 0.49670716380393803,
    "cv_std": 0.0353970802115943
  },
  "logistic_regression": {
    "accuracy": 0.5181347150259067,
    "cv_mean": 0.49802262253875157,
    "cv_std": 0.03443748323195254
  },
  "svm": {
    "accuracy": 0.5284974093264249,
    "cv_mean": 0.5317804775869291,
    "cv_std": 0.004330638321117044
  }
}