{
  "random_forest": {
    "accuracy": 0.4973821989528796,
    "cv_mean": 0.48684210526315785,
    "cv_std": 0.035306336486838785
  },
  "gradient_boosting": {
    "accuracy": 0.5235602094240838,
    "cv_mean": 0.5131578947368421,
    "cv_std": 0.0416089165811629
  },
  "xgboost": {
    "accuracy": 0.49214659685863876,
    "cv_mean": 0.4894736842105263,
    "cv_std": 0.05240080987299966
  },
  "lightgbm": {
    "accuracy": 0.5026178010471204,
    "cv_mean": 0.47105263157894733,
    "cv_std": 0.04214636152117622
  },
  "logistic_regression": {
    "accuracy": 0.5235602094240838,
    "cv_mean": 0.5144736842105263,
    "cv_std": 0.019248340576747118
  },
  "svm": {
    "accuracy": 0.49214659685863876,
    "cv_mean": 0.4881578947368421,
    "cv_std": 0.014048787173725428
  }
}