{
  "random_forest": {
    "accuracy": 0.5459183673469388,
    "cv_mean": 0.5088518699983668,
    "cv_std": 0.04168605694290396
  },
  "gradient_boosting": {
    "accuracy": 0.5459183673469388,
    "cv_mean": 0.5153274538624857,
    "cv_std": 0.009603899507556291
  },
  "xgboost": {
    "accuracy": 0.5816326530612245,
    "cv_mean": 0.4987016168544831,
    "cv_std": 0.01887500670877126
  },
  "lightgbm": {
    "accuracy": 0.576530612244898,
    "cv_mean": 0.515229462681692,
    "cv_std": 0.044680990733260983
  },
  "logistic_regression": {
    "accuracy": 0.4897959183673469,
    "cv_mean": 0.4795361750775763,
    "cv_std": 0.029694795179409553
  },
  "svm": {
    "accuracy": 0.5102040816326531,
    "cv_mean": 0.49869345092275036,
    "cv_std": 0.016362212533234805
  }
}