{
  "random_forest": {
    "accuracy": 0.5053763440860215,
    "cv_mean": 0.5222202067839652,
    "cv_std": 0.031308627085846356
  },
  "gradient_boosting": {
    "accuracy": 0.532258064516129,
    "cv_mean": 0.5248050063486305,
    "cv_std": 0.03468152396704067
  },
  "xgboost": {
    "accuracy": 0.5268817204301075,
    "cv_mean": 0.530273898059133,
    "cv_std": 0.0283864568557686
  },
  "lightgbm": {
    "accuracy": 0.5591397849462365,
    "cv_mean": 0.5598403772900418,
    "cv_std": 0.05320745266684512
  },
  "logistic_regression": {
    "accuracy": 0.5860215053763441,
    "cv_mean": 0.4859151097406131,
    "cv_std": 0.0425055846704669
  },
  "svm": {
    "accuracy": 0.5161290322580645,
    "cv_mean": 0.5208597859604571,
    "cv_std": 0.017678516076199878
  }
}