{
  "random_forest": {
    "accuracy": 0.5243243243243243,
    "cv_mean": 0.518385732671447,
    "cv_std": 0.04466703924898614
  },
  "gradient_boosting": {
    "accuracy": 0.5837837837837838,
    "cv_mean": 0.522375436661151,
    "cv_std": 0.028411183637685553
  },
  "xgboost": {
    "accuracy": 0.572972972972973,
    "cv_mean": 0.5508457437028866,
    "cv_std": 0.0412971489545459
  },
  "lightgbm": {
    "accuracy": 0.5405405405405406,
    "cv_mean": 0.5278359992645706,
    "cv_std": 0.051658000171166854
  },
  "logistic_regression": {
    "accuracy": 0.4972972972972973,
    "cv_mean": 0.5224214009928295,
    "cv_std": 0.05326109391534009
  },
  "svm": {
    "accuracy": 0.5405405405405406,
    "cv_mean": 0.5264386835815407,
    "cv_std": 0.027183189172648805
  }
}