{
  "random_forest": {
    "accuracy": 0.5263157894736842,
    "cv_mean": 0.506570233530847,
    "cv_std": 0.02085966772089979
  },
  "gradient_boosting": {
    "accuracy": 0.5578947368421052,
    "cv_mean": 0.4960613454165214,
    "cv_std": 0.030923905646367125
  },
  "xgboost": {
    "accuracy": 0.531578947368421,
    "cv_mean": 0.48149180899268035,
    "cv_std": 0.03045456188571342
  },
  "lightgbm": {
    "accuracy": 0.46842105263157896,
    "cv_mean": 0.5065876612059952,
    "cv_std": 0.017229405457998448
  },
  "logistic_regression": {
    "accuracy": 0.46842105263157896,
    "cv_mean": 0.5264377831997211,
    "cv_std": 0.03848398467478225
  },
  "svm": {
    "accuracy": 0.45263157894736844,
    "cv_mean": 0.5436563262460788,
    "cv_std": 0.00900692196543919
  }
}