{
  "random_forest": {
    "accuracy": 0.47282608695652173,
    "cv_mean": 0.49042027770012114,
    "cv_std": 0.02747818259398883
  },
  "gradient_boosting": {
    "accuracy": 0.5,
    "cv_mean": 0.4836175566116858,
    "cv_std": 0.03421670540087427
  },
  "xgboost": {
    "accuracy": 0.4673913043478261,
    "cv_mean": 0.5067840834964122,
    "cv_std": 0.02822634853894939
  },
  "lightgbm": {
    "accuracy": 0.5,
    "cv_mean": 0.4986114993942783,
    "cv_std": 0.023548698932493724
  },
  "logistic_regression": {
    "accuracy": 0.532608695652174,
    "cv_mean": 0.501360544217687,
    "cv_std": 0.019903046038541223
  },
  "svm": {
    "accuracy": 0.5054347826086957,
    "cv_mean": 0.505404901686702,
    "cv_std": 0.01973108446745633
  }
}