{
  "random_forest": {
    "accuracy": 0.49047619047619045,
    "cv_mean": 0.5375178214998574,
    "cv_std": 0.04379645305362531
  },
  "gradient_boosting": {
    "accuracy": 0.5238095238095238,
    "cv_mean": 0.5363558597091531,
    "cv_std": 0.03219047945635126
  },
  "xgboost": {
    "accuracy": 0.5285714285714286,
    "cv_mean": 0.5327844311377246,
    "cv_std": 0.013062474234462345
  },
  "lightgbm": {
    "accuracy": 0.5285714285714286,
    "cv_mean": 0.5518819503849445,
    "cv_std": 0.02994956027247354
  },
  "logistic_regression": {
    "accuracy": 0.47619047619047616,
    "cv_mean": 0.556672369546621,
    "cv_std": 0.05027457428774465
  },
  "svm": {
    "accuracy": 0.5190476190476191,
    "cv_mean": 0.5459153122326775,
    "cv_std": 0.025159235920354756
  }
}