{
  "random_forest": {
    "accuracy": 0.5291005291005291,
    "cv_mean": 0.4946313465783665,
    "cv_std": 0.030574269887806878
  },
  "gradient_boosting": {
    "accuracy": 0.5978835978835979,
    "cv_mean": 0.4866136865342163,
    "cv_std": 0.055565697732667105
  },
  "xgboost": {
    "accuracy": 0.5079365079365079,
    "cv_mean": 0.46942163355408384,
    "cv_std": 0.03157517122673064
  },
  "lightgbm": {
    "accuracy": 0.5661375661375662,
    "cv_mean": 0.48670198675496684,
    "cv_std": 0.02501195363534829
  },
  "logistic_regression": {
    "accuracy": 0.5079365079365079,
    "cv_mean": 0.5092362030905078,
    "cv_std": 0.03447381750811244
  },
  "svm": {
    "accuracy": 0.5026455026455027,
    "cv_mean": 0.4933068432671083,
    "cv_std": 0.02594622918013784
  }
}