{
  "random_forest": {
    "accuracy": 0.5052631578947369,
    "cv_mean": 0.5178982223771349,
    "cv_std": 0.033709448838552175
  },
  "gradient_boosting": {
    "accuracy": 0.5526315789473685,
    "cv_mean": 0.5218281631230394,
    "cv_std": 0.025917273406068576
  },
  "xgboost": {
    "accuracy": 0.5421052631578948,
    "cv_mean": 0.5455298013245032,
    "cv_std": 0.039178851799915496
  },
  "lightgbm": {
    "accuracy": 0.5631578947368421,
    "cv_mean": 0.5389682816312303,
    "cv_std": 0.03484853758795256
  },
  "logistic_regression": {
    "accuracy": 0.5052631578947369,
    "cv_mean": 0.5072586266991983,
    "cv_std": 0.025675076580931013
  },
  "svm": {
    "accuracy": 0.47368421052631576,
    "cv_mean": 0.5283548274660159,
    "cv_std": 0.026782974549141
  }
}