{
  "random_forest": {
    "accuracy": 0.5112781954887218,
    "cv_mean": 0.529719195677208,
    "cv_std": 0.02732334107735267
  },
  "gradient_boosting": {
    "accuracy": 0.47368421052631576,
    "cv_mean": 0.5362831074497298,
    "cv_std": 0.015173352197577707
  },
  "xgboost": {
    "accuracy": 0.5150375939849624,
    "cv_mean": 0.5391088670387102,
    "cv_std": 0.010693001744994698
  },
  "lightgbm": {
    "accuracy": 0.5075187969924813,
    "cv_mean": 0.5278191159535831,
    "cv_std": 0.024716253987394205
  },
  "logistic_regression": {
    "accuracy": 0.5225563909774437,
    "cv_mean": 0.523124280272832,
    "cv_std": 0.019903916726728345
  },
  "svm": {
    "accuracy": 0.5263157894736842,
    "cv_mean": 0.5391575870316238,
    "cv_std": 0.04211934062927311
  }
}