{
  "random_forest": {
    "accuracy": 0.5130890052356021,
    "cv_mean": 0.48552631578947364,
    "cv_std": 0.045083793944767935
  },
  "gradient_boosting": {
    "accuracy": 0.5654450261780105,
    "cv_mean": 0.5013157894736842,
    "cv_std": 0.047331857233170925
  },
  "xgboost": {
    "accuracy": 0.5706806282722513,
    "cv_mean": 0.5013157894736843,
    "cv_std": 0.04603383074877872
  },
  "lightgbm": {
    "accuracy": 0.5602094240837696,
    "cv_mean": 0.47894736842105257,
    "cv_std": 0.04312097265308931
  },
  "logistic_regression": {
    "accuracy": 0.5235602094240838,
    "cv_mean": 0.5157894736842105,
    "cv_std": 0.03872089202516356
  },
  "svm": {
    "accuracy": 0.5235602094240838,
    "cv_mean": 0.5092105263157894,
    "cv_std": 0.01695276148253306
  }
}