{
  "random_forest": {
    "accuracy": 0.5384615384615384,
    "cv_mean": 0.5379073614557486,
    "cv_std": 0.048126205252487134
  },
  "gradient_boosting": {
    "accuracy": 0.5282051282051282,
    "cv_mean": 0.49687344913151366,
    "cv_std": 0.05590014193450866
  },
  "xgboost": {
    "accuracy": 0.5743589743589743,
    "cv_mean": 0.5353349875930521,
    "cv_std": 0.02888079512327047
  },
  "lightgbm": {
    "accuracy": 0.5743589743589743,
    "cv_mean": 0.5084367245657568,
    "cv_std": 0.053448751355117986
  },
  "logistic_regression": {
    "accuracy": 0.5128205128205128,
    "cv_mean": 0.5250868486352357,
    "cv_std": 0.024001743705189264
  },
  "svm": {
    "accuracy": 0.48717948717948717,
    "cv_mean": 0.5096608767576509,
    "cv_std": 0.035260475086401115
  }
}