{
  "random_forest": {
    "accuracy": 0.48787878787878786,
    "cv_mean": 0.5212121212121212,
    "cv_std": 0.010050378152592111
  },
  "gradient_boosting": {
    "accuracy": 0.4909090909090909,
    "cv_mean": 0.5007575757575757,
    "cv_std": 0.007344969480933825
  },
  "xgboost": {
    "accuracy": 0.5363636363636364,
    "cv_mean": 0.521969696969697,
    "cv_std": 0.009401267913629429
  },
  "lightgbm": {
    "accuracy": 0.5,
    "cv_mean": 0.5386363636363637,
    "cv_std": 0.024242424242424246
  },
  "logistic_regression": {
    "accuracy": 0.49393939393939396,
    "cv_mean": 0.5318181818181819,
    "cv_std": 0.015999024304502164
  },
  "svm": {
    "accuracy": 0.4636363636363636,
    "cv_mean": 0.5234848484848484,
    "cv_std": 0.01877198741418766
  }
}