{
  "random_forest": {
    "accuracy": 0.5803571428571429,
    "cv_mean": 0.4737430167597765,
    "cv_std": 0.029007273711166844
  },
  "gradient_boosting": {
    "accuracy": 0.5357142857142857,
    "cv_mean": 0.4715083798882681,
    "cv_std": 0.018895569301997494
  },
  "xgboost": {
    "accuracy": 0.5133928571428571,
    "cv_mean": 0.4837988826815642,
    "cv_std": 0.020173709592477964
  },
  "lightgbm": {
    "accuracy": 0.5803571428571429,
    "cv_mean": 0.5050279329608939,
    "cv_std": 0.02048078522885292
  },
  "logistic_regression": {
    "accuracy": 0.5669642857142857,
    "cv_mean": 0.5050279329608939,
    "cv_std": 0.024631740430221916
  },
  "svm": {
    "accuracy": 0.5580357142857143,
    "cv_mean": 0.5284916201117318,
    "cv_std": 0.02586779196154241
  }
}