{
  "random_forest": {
    "accuracy": 0.5076142131979695,
    "cv_mean": 0.5140943981708312,
    "cv_std": 0.029575449065042402
  },
  "gradient_boosting": {
    "accuracy": 0.4873096446700508,
    "cv_mean": 0.5294300179650498,
    "cv_std": 0.04517777211175891
  },
  "xgboost": {
    "accuracy": 0.5126903553299492,
    "cv_mean": 0.5217213784092765,
    "cv_std": 0.017941873310492056
  },
  "lightgbm": {
    "accuracy": 0.49746192893401014,
    "cv_mean": 0.5140372366487016,
    "cv_std": 0.02089930441176436
  },
  "logistic_regression": {
    "accuracy": 0.4873096446700508,
    "cv_mean": 0.5063694267515924,
    "cv_std": 0.019319427882933882
  },
  "svm": {
    "accuracy": 0.5025380710659898,
    "cv_mean": 0.5306140780663073,
    "cv_std": 0.002569402342022719
  }
}