{
  "random_forest": {
    "accuracy": 0.5130890052356021,
    "cv_mean": 0.536842105263158,
    "cv_std": 0.025851161453142753
  },
  "gradient_boosting": {
    "accuracy": 0.518324607329843,
    "cv_mean": 0.5157894736842105,
    "cv_std": 0.03496139540943797
  },
  "xgboost": {
    "accuracy": 0.5445026178010471,
    "cv_mean": 0.5236842105263158,
    "cv_std": 0.03781607332421028
  },
  "lightgbm": {
    "accuracy": 0.5130890052356021,
    "cv_mean": 0.5092105263157894,
    "cv_std": 0.04173355665040447
  },
  "logistic_regression": {
    "accuracy": 0.49214659685863876,
    "cv_mean": 0.5342105263157895,
    "cv_std": 0.02440425919867292
  },
  "svm": {
    "accuracy": 0.4712041884816754,
    "cv_mean": 0.5381578947368422,
    "cv_std": 0.006446025638903107
  }
}