{
  "random_forest": {
    "accuracy": 0.5445026178010471,
    "cv_mean": 0.5447368421052631,
    "cv_std": 0.0473318572331709
  },
  "gradient_boosting": {
    "accuracy": 0.4869109947643979,
    "cv_mean": 0.5526315789473684,
    "cv_std": 0.041190725901311905
  },
  "xgboost": {
    "accuracy": 0.5497382198952879,
    "cv_mean": 0.5631578947368421,
    "cv_std": 0.03265703591050227
  },
  "lightgbm": {
    "accuracy": 0.5863874345549738,
    "cv_mean": 0.5697368421052632,
    "cv_std": 0.05223535063494528
  },
  "logistic_regression": {
    "accuracy": 0.4816753926701571,
    "cv_mean": 0.5210526315789473,
    "cv_std": 0.052861340596317544
  },
  "svm": {
    "accuracy": 0.5235602094240838,
    "cv_mean": 0.5263157894736843,
    "cv_std": 0.02316686429165659
  }
}