{
  "random_forest": {
    "accuracy": 0.46596858638743455,
    "cv_mean": 0.5407894736842105,
    "cv_std": 0.03845168209526961
  },
  "gradient_boosting": {
    "accuracy": 0.47643979057591623,
    "cv_mean": 0.5105263157894737,
    "cv_std": 0.019780653129438046
  },
  "xgboost": {
    "accuracy": 0.46596858638743455,
    "cv_mean": 0.525,
    "cv_std": 0.028646764548785845
  },
  "lightgbm": {
    "accuracy": 0.4712041884816754,
    "cv_mean": 0.5276315789473685,
    "cv_std": 0.014048787173725421
  },
  "logistic_regression": {
    "accuracy": 0.46596858638743455,
    "cv_mean": 0.5289473684210526,
    "cv_std": 0.012202129599336439
  },
  "svm": {
    "accuracy": 0.42408376963350786,
    "cv_mean": 0.5157894736842106,
    "cv_std": 0.02683694480838309
  }
}