{
  "random_forest": {
    "accuracy": 0.4869109947643979,
    "cv_mean": 0.5434210526315789,
    "cv_std": 0.024118819447135995
  },
  "gradient_boosting": {
    "accuracy": 0.4973821989528796,
    "cv_mean": 0.5302631578947368,
    "cv_std": 0.0214598768819738
  },
  "xgboost": {
    "accuracy": 0.5287958115183246,
    "cv_mean": 0.5552631578947369,
    "cv_std": 0.01978065312943804
  },
  "lightgbm": {
    "accuracy": 0.5287958115183246,
    "cv_mean": 0.5486842105263158,
    "cv_std": 0.023016915374389345
  },
  "logistic_regression": {
    "accuracy": 0.5287958115183246,
    "cv_mean": 0.5092105263157894,
    "cv_std": 0.03781607332421029
  },
  "svm": {
    "accuracy": 0.5026178010471204,
    "cv_mean": 0.5157894736842105,
    "cv_std": 0.027787779055188006
  }
}