{
  "random_forest": {
    "accuracy": 0.49214659685863876,
    "cv_mean": 0.5157894736842106,
    "cv_std": 0.026512423262644615
  },
  "gradient_boosting": {
    "accuracy": 0.4607329842931937,
    "cv_mean": 0.5210526315789474,
    "cv_std": 0.05904948861136019
  },
  "xgboost": {
    "accuracy": 0.5078534031413613,
    "cv_mean": 0.5157894736842106,
    "cv_std": 0.025514104512717527
  },
  "lightgbm": {
    "accuracy": 0.5078534031413613,
    "cv_mean": 0.5460526315789473,
    "cv_std": 0.03249760272428544
  },
  "logistic_regression": {
    "accuracy": 0.49214659685863876,
    "cv_mean": 0.5052631578947369,
    "cv_std": 0.044698125661744824
  },
  "svm": {
    "accuracy": 0.4712041884816754,
    "cv_mean": 0.5171052631578947,
    "cv_std": 0.008924118398849054
  }
}