{
  "random_forest": {
    "accuracy": 0.5525291828793775,
    "cv_mean": 0.5204830224772836,
    "cv_std": 0.032050747952790296
  },
  "gradient_boosting": {
    "accuracy": 0.5330739299610895,
    "cv_mean": 0.5175274988043999,
    "cv_std": 0.03336588168061853
  },
  "xgboost": {
    "accuracy": 0.5369649805447471,
    "cv_mean": 0.5253658536585366,
    "cv_std": 0.02201075936132388
  },
  "lightgbm": {
    "accuracy": 0.5408560311284046,
    "cv_mean": 0.525375418460067,
    "cv_std": 0.0197229269011099
  },
  "logistic_regression": {
    "accuracy": 0.5447470817120622,
    "cv_mean": 0.505844093735055,
    "cv_std": 0.02486013912891126
  },
  "svm": {
    "accuracy": 0.5019455252918288,
    "cv_mean": 0.5234385461501674,
    "cv_std": 0.029007807068762253
  }
}