{
  "random_forest": {
    "accuracy": 0.49214659685863876,
    "cv_mean": 0.5552631578947369,
    "cv_std": 0.053706135873575124
  },
  "gradient_boosting": {
    "accuracy": 0.450261780104712,
    "cv_mean": 0.5447368421052632,
    "cv_std": 0.064513950905954
  },
  "xgboost": {
    "accuracy": 0.5026178010471204,
    "cv_mean": 0.5342105263157895,
    "cv_std": 0.05890270864631417
  },
  "lightgbm": {
    "accuracy": 0.49214659685863876,
    "cv_mean": 0.5513157894736842,
    "cv_std": 0.04352061949616112
  },
  "logistic_regression": {
    "accuracy": 0.5026178010471204,
    "cv_mean": 0.5210526315789474,
    "cv_std": 0.025446157376070686
  },
  "svm": {
    "accuracy": 0.5078534031413613,
    "cv_mean": 0.5184210526315789,
    "cv_std": 0.009669038458354642
  }
}