{
  "random_forest": {
    "accuracy": 0.46596858638743455,
    "cv_mean": 0.5171052631578947,
    "cv_std": 0.029304022962263247
  },
  "gradient_boosting": {
    "accuracy": 0.4869109947643979,
    "cv_mean": 0.5447368421052632,
    "cv_std": 0.02544615737607067
  },
  "xgboost": {
    "accuracy": 0.5445026178010471,
    "cv_mean": 0.5131578947368421,
    "cv_std": 0.04462059199424519
  },
  "lightgbm": {
    "accuracy": 0.5235602094240838,
    "cv_mean": 0.5223684210526316,
    "cv_std": 0.015898744702098143
  },
  "logistic_regression": {
    "accuracy": 0.41361256544502617,
    "cv_mean": 0.5263157894736842,
    "cv_std": 0.028525636037735273
  },
  "svm": {
    "accuracy": 0.4712041884816754,
    "cv_mean": 0.5105263157894736,
    "cv_std": 0.021052631578947364
  }
}