{
  "random_forest": {
    "accuracy": 0.5078534031413613,
    "cv_mean": 0.5571465428276573,
    "cv_std": 0.01778914010073725
  },
  "gradient_boosting": {
    "accuracy": 0.5078534031413613,
    "cv_mean": 0.5519091847265221,
    "cv_std": 0.02535091972873513
  },
  "xgboost": {
    "accuracy": 0.49214659685863876,
    "cv_mean": 0.5466804265565876,
    "cv_std": 0.016212834263239075
  },
  "lightgbm": {
    "accuracy": 0.4816753926701571,
    "cv_mean": 0.5440832473340214,
    "cv_std": 0.040528980359279834
  },
  "logistic_regression": {
    "accuracy": 0.49214659685863876,
    "cv_mean": 0.5374097007223942,
    "cv_std": 0.021848632555964132
  },
  "svm": {
    "accuracy": 0.5340314136125655,
    "cv_mean": 0.4874785001719987,
    "cv_std": 0.03836789116207238
  }
}