{
  "random_forest": {
    "accuracy": 0.5240641711229946,
    "cv_mean": 0.524178970917226,
    "cv_std": 0.04613316569316388
  },
  "gradient_boosting": {
    "accuracy": 0.5294117647058824,
    "cv_mean": 0.5294854586129754,
    "cv_std": 0.0442097925011429
  },
  "xgboost": {
    "accuracy": 0.5133689839572193,
    "cv_mean": 0.5254407158836689,
    "cv_std": 0.03552604939586332
  },
  "lightgbm": {
    "accuracy": 0.5294117647058824,
    "cv_mean": 0.5373959731543624,
    "cv_std": 0.03877877309233275
  },
  "logistic_regression": {
    "accuracy": 0.5508021390374331,
    "cv_mean": 0.5307919463087248,
    "cv_std": 0.04242469069932969
  },
  "svm": {
    "accuracy": 0.5294117647058824,
    "cv_mean": 0.5174228187919463,
    "cv_std": 0.018399058990339747
  }
}