{
  "random_forest": {
    "accuracy": 0.5245098039215687,
    "cv_mean": 0.47783079603120504,
    "cv_std": 0.025315796518597285
  },
  "gradient_boosting": {
    "accuracy": 0.5147058823529411,
    "cv_mean": 0.5012345679012346,
    "cv_std": 0.02771661191894298
  },
  "xgboost": {
    "accuracy": 0.5147058823529411,
    "cv_mean": 0.5037264258123153,
    "cv_std": 0.029006122210652612
  },
  "lightgbm": {
    "accuracy": 0.4950980392156863,
    "cv_mean": 0.4963265924411118,
    "cv_std": 0.01734525399180763
  },
  "logistic_regression": {
    "accuracy": 0.49019607843137253,
    "cv_mean": 0.5000530182534273,
    "cv_std": 0.04562892981695083
  },
  "svm": {
    "accuracy": 0.5196078431372549,
    "cv_mean": 0.5160266606074377,
    "cv_std": 0.04117986419106179
  }
}