{
  "random_forest": {
    "accuracy": 0.518324607329843,
    "cv_mean": 0.5263157894736843,
    "cv_std": 0.026965659910420003
  },
  "gradient_boosting": {
    "accuracy": 0.5026178010471204,
    "cv_mean": 0.5131578947368421,
    "cv_std": 0.02852563603773528
  },
  "xgboost": {
    "accuracy": 0.5340314136125655,
    "cv_mean": 0.5276315789473685,
    "cv_std": 0.03754037530970292
  },
  "lightgbm": {
    "accuracy": 0.5235602094240838,
    "cv_mean": 0.5184210526315789,
    "cv_std": 0.022941573387056182
  },
  "logistic_regression": {
    "accuracy": 0.4816753926701571,
    "cv_mean": 0.5157894736842106,
    "cv_std": 0.03102585821724105
  },
  "svm": {
    "accuracy": 0.4973821989528796,
    "cv_mean": 0.5381578947368421,
    "cv_std": 0.009669038458354642
  }
}