{
  "random_forest": {
    "accuracy": 0.518324607329843,
    "cv_mean": 0.531578947368421,
    "cv_std": 0.01632851795525112
  },
  "gradient_boosting": {
    "accuracy": 0.5392670157068062,
    "cv_mean": 0.5355263157894736,
    "cv_std": 0.02021354144175947
  },
  "xgboost": {
    "accuracy": 0.5287958115183246,
    "cv_mean": 0.5539473684210525,
    "cv_std": 0.018326826680505406
  },
  "lightgbm": {
    "accuracy": 0.5445026178010471,
    "cv_mean": 0.5276315789473683,
    "cv_std": 0.02256108973616086
  },
  "logistic_regression": {
    "accuracy": 0.5392670157068062,
    "cv_mean": 0.5236842105263159,
    "cv_std": 0.014769700210949775
  },
  "svm": {
    "accuracy": 0.5340314136125655,
    "cv_mean": 0.5302631578947368,
    "cv_std": 0.04046988552428866
  }
}