{
  "random_forest": {
    "accuracy": 0.4975124378109453,
    "cv_mean": 0.5018555900621118,
    "cv_std": 0.03195826462480069
  },
  "gradient_boosting": {
    "accuracy": 0.527363184079602,
    "cv_mean": 0.4906599378881988,
    "cv_std": 0.02785442922863891
  },
  "xgboost": {
    "accuracy": 0.48756218905472637,
    "cv_mean": 0.5105357142857143,
    "cv_std": 0.04628753845053304
  },
  "lightgbm": {
    "accuracy": 0.5124378109452736,
    "cv_mean": 0.5006288819875776,
    "cv_std": 0.013540212404316762
  },
  "logistic_regression": {
    "accuracy": 0.5422885572139303,
    "cv_mean": 0.4707375776397516,
    "cv_std": 0.024427375909016363
  },
  "svm": {
    "accuracy": 0.48756218905472637,
    "cv_mean": 0.5155667701863355,
    "cv_std": 0.010579651902292153
  }
}