{
  "random_forest": {
    "accuracy": 0.5287958115183246,
    "cv_mean": 0.4565789473684211,
    "cv_std": 0.023389985308725235
  },
  "gradient_boosting": {
    "accuracy": 0.49214659685863876,
    "cv_mean": 0.5052631578947369,
    "cv_std": 0.02331584887719651
  },
  "xgboost": {
    "accuracy": 0.5130890052356021,
    "cv_mean": 0.47631578947368425,
    "cv_std": 0.017944975917086648
  },
  "lightgbm": {
    "accuracy": 0.4869109947643979,
    "cv_mean": 0.48157894736842105,
    "cv_std": 0.022941573387056168
  },
  "logistic_regression": {
    "accuracy": 0.49214659685863876,
    "cv_mean": 0.5118421052631579,
    "cv_std": 0.022174078350464112
  },
  "svm": {
    "accuracy": 0.5078534031413613,
    "cv_mean": 0.48684210526315785,
    "cv_std": 0.04481417464717475
  }
}