{
  "random_forest": {
    "accuracy": 0.4607329842931937,
    "cv_mean": 0.5157894736842106,
    "cv_std": 0.019338076916709294
  },
  "gradient_boosting": {
    "accuracy": 0.46596858638743455,
    "cv_mean": 0.5157894736842106,
    "cv_std": 0.01978065312943804
  },
  "xgboost": {
    "accuracy": 0.5130890052356021,
    "cv_mean": 0.55,
    "cv_std": 0.021052631578947368
  },
  "lightgbm": {
    "accuracy": 0.49214659685863876,
    "cv_mean": 0.5328947368421053,
    "cv_std": 0.020804458290581446
  },
  "logistic_regression": {
    "accuracy": 0.47643979057591623,
    "cv_mean": 0.5013157894736843,
    "cv_std": 0.027093763528913184
  },
  "svm": {
    "accuracy": 0.47643979057591623,
    "cv_mean": 0.4947368421052632,
    "cv_std": 0.01632851795525111
  }
}