{
  "random_forest": {
    "accuracy": 0.521505376344086,
    "cv_mean": 0.47240159622709965,
    "cv_std": 0.03623620859796515
  },
  "gradient_boosting": {
    "accuracy": 0.510752688172043,
    "cv_mean": 0.45487937602031564,
    "cv_std": 0.052149591084950535
  },
  "xgboost": {
    "accuracy": 0.5913978494623656,
    "cv_mean": 0.4952838744785054,
    "cv_std": 0.015402730250162002
  },
  "lightgbm": {
    "accuracy": 0.5161290322580645,
    "cv_mean": 0.48452748050063493,
    "cv_std": 0.017601936604955962
  },
  "logistic_regression": {
    "accuracy": 0.532258064516129,
    "cv_mean": 0.502013422818792,
    "cv_std": 0.01758520368454958
  },
  "svm": {
    "accuracy": 0.5376344086021505,
    "cv_mean": 0.4952566660620352,
    "cv_std": 0.026886260145197884
  }
}