{
  "random_forest": {
    "accuracy": 0.5136363636363637,
    "cv_mean": 0.4936493506493507,
    "cv_std": 0.030228208028829168
  },
  "gradient_boosting": {
    "accuracy": 0.43636363636363634,
    "cv_mean": 0.5256298701298702,
    "cv_std": 0.015785333645717724
  },
  "xgboost": {
    "accuracy": 0.4818181818181818,
    "cv_mean": 0.5336428571428572,
    "cv_std": 0.03611321705336795
  },
  "lightgbm": {
    "accuracy": 0.45454545454545453,
    "cv_mean": 0.5016623376623376,
    "cv_std": 0.03408911188831096
  },
  "logistic_regression": {
    "accuracy": 0.5045454545454545,
    "cv_mean": 0.5347272727272727,
    "cv_std": 0.027962290584300567
  },
  "svm": {
    "accuracy": 0.4863636363636364,
    "cv_mean": 0.5062467532467533,
    "cv_std": 0.015454117095449537
  }
}